{
	"center": "p25",
	"nodes": {
		"p0": {
			"position": [12.79687461850699,-42.79999923706055,26.91015625],
			"difficulty": 0
		},
		"p1": {
			"position": [23.39843711850699,-18.299999237060547,26.91015625],
			"difficulty": 0
		},
		"p2": {
			"position": [36.59765777585562,-10.5,25.7099609375],
			"difficulty": 0
		},
		"p3": {
			"position": [49.39843902585562,-23.700000762939453,33.2099609375],
			"difficulty": 0
		},
		"p4": {
			"position": [27.49999961850699,-40.900001525878906,32.509765625],
			"difficulty": 0
		},
		"p5": {
			"position": [58.00000152585562,-77.0999984741211,41.91015625],
			"difficulty": 0
		},
		"p6": {
			"position": [68.59765777585562,-61.900001525878906,43.009765625],
			"difficulty": 0
		},
		"p7": {
			"position": [86.19922027585562,-49.099998474121094,53.6103515625],
			"difficulty": 0
		},
		"p8": {
			"position": [106.19922027585562,-55.70000076293945,58.2099609375],
			"difficulty": 0
		},
		"p9": {
			"position": [83.59765777585562,-77.69999694824219,56.1103515625],
			"difficulty": 0
		},
		"p10": {
			"position": [117.00000152585562,-101.9000015258789,77.509765625],
			"difficulty": 0
		},
		"p11": {
			"position": [130.1992126464611,-93.30000305175781,82.7099609375],
			"difficulty": 0
		},
		"p12": {
			"position": [127.69922027585562,-73.0999984741211,79.8095703125],
			"difficulty": 0
		},
		"p13": {
			"position": [142.1992126464611,-60.29999923706055,80.009765625],
			"difficulty": 0
		},
		"p14": {
			"position": [152.9999938964611,-84.0999984741211,87.009765625],
			"difficulty": 0
		},
		"p15": {
			"position": [179.1992126464611,-104.30000305175781,118.41015625],
			"difficulty": 0
		},
		"p16": {
			"position": [181.9999938964611,-86.5,107.41015625],
			"difficulty": 0
		},
		"p17": {
			"position": [197.5976501464611,-73.0999984741211,110.2099609375],
			"difficulty": 0
		},
		"p18": {
			"position": [219.9999938964611,-75.69999694824219,117.509765625],
			"difficulty": 0
		},
		"p19": {
			"position": [210.1992126464611,-100.5,123.7099609375],
			"difficulty": 0
		},
		"p20": {
			"position": [238.9999938964611,-113.30000305175781,140.3095703125],
			"difficulty": 0
		},
		"p21": {
			"position": [236.9999938964611,-100.9000015258789,147.41015625],
			"difficulty": 0
		},
		"p22": {
			"position": [233.4999938964611,-84.30000305175781,145.2099609375],
			"difficulty": 0
		},
		"p23": {
			"position": [249.3984313964611,-67.9000015258789,143.6103515625],
			"difficulty": 0
		},
		"p24": {
			"position": [256.9999938964611,-93.69999694824219,150.2099609375],
			"difficulty": 0
		},
		"p25": {
			"position": [0,0,1.009765625],
			"difficulty": 0
		}
	},
	"connections": [
		["p0","p5"],
		["p0","p6"],
		["p0","p7"],
		["p0","p9"],
		["p0","p8"],
		["p4","p5"],
		["p4","p6"],
		["p4","p9"],
		["p4","p7"],
		["p4","p8"],
		["p1","p5"],
		["p1","p6"],
		["p1","p9"],
		["p1","p7"],
		["p1","p8"],
		["p2","p5"],
		["p2","p6"],
		["p2","p9"],
		["p2","p7"],
		["p2","p8"],
		["p3","p5"],
		["p3","p6"],
		["p3","p9"],
		["p3","p7"],
		["p3","p8"],
		["p5","p10"],
		["p5","p11"],
		["p5","p12"],
		["p5","p13"],
		["p5","p14"],
		["p6","p10"],
		["p6","p11"],
		["p6","p12"],
		["p6","p13"],
		["p6","p14"],
		["p7","p10"],
		["p7","p11"],
		["p7","p12"],
		["p7","p14"],
		["p7","p13"],
		["p9","p10"],
		["p9","p11"],
		["p9","p12"],
		["p9","p13"],
		["p9","p14"],
		["p8","p10"],
		["p8","p11"],
		["p8","p12"],
		["p8","p13"],
		["p8","p14"],
		["p10","p15"],
		["p10","p16"],
		["p10","p17"],
		["p10","p18"],
		["p10","p19"],
		["p11","p15"],
		["p11","p16"],
		["p11","p17"],
		["p11","p18"],
		["p11","p19"],
		["p12","p15"],
		["p12","p16"],
		["p12","p17"],
		["p12","p18"],
		["p12","p19"],
		["p13","p15"],
		["p13","p16"],
		["p13","p17"],
		["p13","p18"],
		["p13","p19"],
		["p12","p15"],
		["p12","p16"],
		["p12","p17"],
		["p12","p18"],
		["p12","p19"],
		["p14","p15"],
		["p14","p16"],
		["p14","p17"],
		["p14","p18"],
		["p14","p19"],
		["p15","p20"],
		["p15","p21"],
		["p15","p22"],
		["p15","p23"],
		["p15","p24"],
		["p16","p20"],
		["p16","p21"],
		["p16","p22"],
		["p16","p23"],
		["p16","p24"],
		["p17","p20"],
		["p17","p21"],
		["p17","p22"],
		["p17","p23"],
		["p17","p24"],
		["p19","p20"],
		["p19","p21"],
		["p19","p22"],
		["p19","p23"],
		["p19","p24"],
		["p18","p20"],
		["p18","p21"],
		["p18","p22"],
		["p18","p23"],
		["p18","p24"],
		["p25","p0"],
		["p25","p1"],
		["p25","p2"],
		["p25","p4"],
		["p25","p3"]
	]
}